{
  "schema_version": "1.0",
  "timestamp_utc": "2026-04-27T15:28:27.102163Z",
  "variant": "sq8",
  "config": {
    "encoder": "all-MiniLM-L6-v2",
    "index_type": "IVFScalarQuantizer",
    "nlist": 4096,
    "nprobe": 16,
    "ntotal": 8841823,
    "qtype": "QT_8bit"
  },
  "size_mb": 3472.3,
  "metrics": {
    "DL2019": {
      "nDCG@10": 0.49449164274957114,
      "MRR@10": 0.8662790697674418,
      "Recall@100": 0.3740885215909209
    },
    "DL2020": {
      "nDCG@10": 0.5613077530386804,
      "MRR@10": 0.8540123456790124,
      "Recall@100": 0.4179423780751361
    },
    "latency_p50": 16.245,
    "latency_p99": 54.229
  }
}