{
  "schema_version": "1.0",
  "timestamp_utc": "2026-04-27T15:26:58.387299Z",
  "variant": "m32",
  "config": {
    "encoder": "all-MiniLM-L6-v2",
    "index_type": "IVFPQ",
    "nlist": 4096,
    "m": 32,
    "nbits": 8,
    "nprobe": 16,
    "ntotal": 8841823
  },
  "size_mb": 360.4,
  "metrics": {
    "DL2019": {
      "nDCG@10": 0.47913494634120285,
      "MRR@10": 0.8565891472868218,
      "Recall@100": 0.3503045257724935
    },
    "DL2020": {
      "nDCG@10": 0.5261986623345101,
      "MRR@10": 0.8585390946502058,
      "Recall@100": 0.4036695583603385
    },
    "latency_p50": 1.098,
    "latency_p99": 11.903
  }
}