Type,Name,Request Count,Failure Count,Median Response Time,Average Response Time,Min Response Time,Max Response Time,Average Content Size,Requests/s,Failures/s,50%,66%,75%,80%,90%,95%,98%,99%,99.9%,99.99%,100%
GET,/health,24,0,2000,2654.7572813348474,234.37045799801126,6007.609541004058,15.0,0.4471718199147451,0.0,2000,2400,4600,5200,5300,5500,6000,6000,6000,6000,6000
GET,/ready,50,0,21,1164.338996639708,14.15637499303557,5532.510666002054,65.0,0.931607958155719,0.0,23,260,260,5500,5500,5500,5500,5500,5500,5500,5500
POST,/search [bm25],55,0,7400,7171.316428709013,5517.110707995016,8262.548541999422,668.8545454545455,1.0247687539712909,0.0,7400,7500,7600,7700,7800,8000,8000,8300,8300,8300,8300
POST,/search [dense],36,0,7400,7272.176906222336,5521.787583013065,8483.494584012078,675.2777777777778,0.6707577298721176,0.0,7400,7500,7700,7700,8000,8300,8500,8500,8500,8500,8500
POST,/search [hybrid+acl],76,0,7400,7165.302215996857,244.1314999887254,8547.94945800677,141.07894736842104,1.4160440963966927,0.0,7400,7600,7700,8000,8400,8500,8500,8500,8500,8500,8500
POST,/search [hybrid],167,0,7400,7256.250775455076,5510.228416998871,8527.616292005405,688.2934131736527,3.1115705802401012,0.0,7400,7500,7600,7700,8200,8400,8500,8500,8500,8500,8500
,Aggregated,408,0,7300,6212.031237019075,14.15637499303557,8547.94945800677,466.6029411764706,7.601920938550666,0.0,7300,7500,7600,7600,8000,8300,8500,8500,8500,8500,8500
