Type,Name,Request Count,Failure Count,Median Response Time,Average Response Time,Min Response Time,Max Response Time,Average Content Size,Requests/s,Failures/s,50%,66%,75%,80%,90%,95%,98%,99%,99.9%,99.99%,100%
GET,/health,29,0,2100,2386.418728516156,1210.8430409862194,4748.435624991544,15.0,0.4908905849057239,0.0,2100,2400,3100,3300,3900,4100,4700,4700,4700,4700,4700
GET,/ready,25,0,14,185.47679340001196,11.455833999207243,730.8720830187667,65.0,0.42318153871183095,0.0,14,15,17,730,730,730,730,730,730,730,730
POST,/search [bm25],67,0,3900,3761.1015037609154,1214.1598339949269,6249.545832979493,676.5373134328358,1.134126523747707,0.0,3900,4100,4300,4500,4900,5400,5600,6200,6200,6200,6200
POST,/search [dense],25,0,3900,3785.793183320202,1695.4483750159852,4998.454915999901,676.52,0.42318153871183095,0.0,3900,4100,4400,4600,4800,4800,5000,5000,5000,5000,5000
POST,/search [hybrid+acl],85,0,3900,3842.1663294005316,2005.9145410195924,6370.3625420166645,139.4,1.4388172316202252,0.0,3900,4400,4500,4700,5100,5600,6200,6400,6400,6400,6400
POST,/search [hybrid],155,0,3900,3837.086778245641,1214.3782500061207,6435.210875002667,686.9032258064516,2.6237255400133517,0.0,3900,4300,4500,4700,5000,5500,5600,5700,6400,6400,6400
,Aggregated,386,0,3800,3476.2028029121107,11.455833999207243,6435.210875002667,473.1088082901554,6.533922957710669,0.0,3800,4100,4400,4500,4900,5400,5600,6200,6400,6400,6400
