Type,Name,Request Count,Failure Count,Median Response Time,Average Response Time,Min Response Time,Max Response Time,Average Content Size,Requests/s,Failures/s,50%,66%,75%,80%,90%,95%,98%,99%,99.9%,99.99%,100%
GET,/health,24,0,170,189.67986804030565,1.5479169960599393,511.5850419970229,15.0,0.40664267066017146,0.0,180,200,250,300,410,490,510,510,510,510,510
GET,/ready,5,0,6.160832999739796,7.089033396914601,6.160832999739796,10.59950000490062,65.0,0.08471722305420239,0.0,6,6,6,11,11,11,11,11,11,11,11
POST,/search [bm25],52,0,600,649.6610009058853,20.362209004815668,1297.6473750022706,670.6153846153846,0.8810591197637048,0.0,600,840,970,1000,1100,1300,1300,1300,1300,1300,1300
POST,/search [dense],30,0,260,350.7629722317991,13.747582997893915,1282.0630829955917,674.1,0.5083033383252143,0.0,270,350,550,680,890,950,1300,1300,1300,1300,1300
POST,/search [hybrid+acl],80,0,680,657.7657317506237,57.37608298659325,1469.2267919890583,130.4,1.3554755688672382,0.0,680,770,910,970,1100,1300,1300,1500,1500,1500,1500
POST,/search [hybrid],150,0,590,587.5077991602788,25.525125005515292,1414.4605420005973,687.5733333333334,2.5415166916260716,0.0,590,740,790,860,1000,1300,1400,1400,1400,1400,1400
,Aggregated,341,0,550,556.1303566806557,1.5479169960599393,1469.2267919890583,496.6217008797654,5.777714612296602,0.0,550,720,800,880,1000,1200,1300,1400,1500,1500,1500
