Type,Name,Request Count,Failure Count,Median Response Time,Average Response Time,Min Response Time,Max Response Time,Average Content Size,Requests/s,Failures/s,50%,66%,75%,80%,90%,95%,98%,99%,99.9%,99.99%,100%
GET,/health,24,0,600,625.3861683738554,63.05804100702517,1579.5439999783412,15.0,0.40697262869188416,0.0,610,760,1000,1000,1200,1300,1600,1600,1600,1600,1600
GET,/ready,10,0,10,10.364629098330624,9.445958014111966,14.107875002082437,65.0,0.1695719286216184,0.0,10,10,10,10,14,14,14,14,14,14,14
POST,/search [bm25],59,0,1800,1764.2152387455453,239.99220901168883,2781.673542020144,671.3559322033898,1.0004743788675485,0.0,1800,2000,2300,2400,2600,2700,2800,2800,2800,2800,2800
POST,/search [dense],30,0,1500,1416.9882721995236,158.2555000204593,2701.3391250220593,674.2,0.5087157858648552,0.0,1600,1700,1900,2000,2000,2600,2700,2700,2700,2700,2700
POST,/search [hybrid+acl],54,0,1700,1725.9634682602525,498.2797089905944,2732.3045000084676,133.46296296296296,0.9156884145567394,0.0,1700,2000,2100,2200,2400,2700,2700,2700,2700,2700,2700
POST,/search [hybrid],150,0,1600,1583.0862599335767,83.44200000283308,2871.6559580061585,684.4533333333334,2.5435789293242763,0.0,1600,1800,1900,2000,2300,2400,2800,2800,2900,2900,2900
,Aggregated,327,0,1600,1505.7376998777336,9.445958014111966,2871.6559580061585,522.0825688073395,5.545002065926922,0.0,1600,1800,2000,2000,2400,2600,2700,2800,2900,2900,2900
