Type,Name,Request Count,Failure Count,Median Response Time,Average Response Time,Min Response Time,Max Response Time,Average Content Size,Requests/s,Failures/s,50%,66%,75%,80%,90%,95%,98%,99%,99.9%,99.99%,100%
GET,/health,9,0,2,2.2028934456304543,1.3611250033136457,7.423959003062919,15.0,0.15282819213348617,0.0,2,2,2,2,7,7,7,7,7,7,7
GET,/ready,1,0,15.628374996595085,15.628374996595085,15.628374996595085,15.628374996595085,65.0,0.016980910237054017,0.0,16,16,16,16,16,16,16,16,16,16,16
POST,/search [bm25],9,0,150,204.16798144449584,24.8525420029182,429.93270797887817,676.4444444444445,0.15282819213348617,0.0,150,230,340,380,430,430,430,430,430,430,430
POST,/search [dense],11,0,16,16.359064368192445,14.079000015044585,21.36350001092069,674.9090909090909,0.1867900126075942,0.0,16,16,16,16,19,21,21,21,21,21,21
POST,/search [hybrid+acl],41,0,190,218.0203393927957,28.408250014763325,538.4204590227455,137.0487804878049,0.6962173197192147,0.0,190,270,280,430,480,500,540,540,540,540,540
POST,/search [hybrid],47,0,210,260.00933423130573,25.64574999269098,756.4407089957967,686.936170212766,0.7981027811415389,0.0,210,340,400,480,510,650,760,760,760,760,760
,Aggregated,118,0,140,196.71346255113426,1.3611250033136457,756.4407089957967,437.43220338983053,2.0037474079723743,0.0,150,240,340,390,490,510,650,660,760,760,760
